name,age
Hanna Garrison,39
Mary Goodman,23
Hanna Ketchum,38
Jenny Hammett,59
Mary Mercury,74
Tina Hammett,59
Joe Rogers,40
Sarah Johnson,55
Sarah Hammett,68
Mary Hammett,51
Sarah Rogers,50
Rose Garrison,44
Matt Smith,27
Sarah Mercury,37
Gary Hammett,55
Hanna Goodman,51
Matt Ketchum,63
Matt Johnson,70
Hanna Mercury,48
Ash Smith,65
Tina Smith,21
Gary Mercury,36
Rose Goodman,20
Tina Goodman,43
Mary Johnson,55
Ash Goodman,77
Jenny Rogers,37
Rose Mercury,71
Hanna Smith,69
Gary Smith,48
Hanna Rogers,47
Jenny Mercury,56
Jenny Johnson,37
Sarah Smith,72
Gary Ketchum,54
Mary Smith,38
Matt Hammett,61
Sarah Garrison,25
Tina Mercury,64
Sarah Ketchum,37
Jenny Goodman,66
Ash Mercury,60
Jenny Ketchum,24
Sarah Goodman,53
Mary Rogers,22
Jenny Smith,21
Matt Mercury,50
Ash Rogers,46
Joe Ketchum,66
Rose Rogers,54
Tina Rogers,20
Matt Garrison,55
Ash Johnson,44
Rose Ketchum,31
Joe Goodman,58
Matt Rogers,67
Joe Hammett,31
Gary Rogers,53
Hanna Hammett,47
Tina Ketchum,51
Tina Johnson,30
Rose Johnson,39
Rose Hammett,38
Ash Hammett,78
Mary Garrison,45
Joe Mercury,23
Gary Goodman,45
Gary Johnson,22
Hanna Johnson,69
Mary Ketchum,74
Ash Garrison,73
Joe Garrison,74
Gary Garrison,22
Tina Garrison,74
Matt Goodman,42
Joe Johnson,41
Ash Ketchum,47
Jenny Garrison,61
Rose Smith,50
Joe Smith,61
